Symbol,Ticker_NS,Base_Profit_Row,Base_Year,Sales_2025,Dividend_Payout_%,EPS_TTM,Operating_Profit_Base,Operating_Profit_2025,Tax_%,Interest,Market_Cap,Shares,Cost_of_Equity,CAGR,PE,PEG,Dividend_Yield,Dividend Yield,EV,EV_to_Capital_Employed,Inverse_Earning_Yield,Book_Value,Intrinsic_Value,Reverse Beta calculation,Current_Price,Beta from Money Control
COFORGE,COFORGE.NS,Operating Profit,2020,12051,63,29.99,725,1694,26,135,57935.04,33.45,13.93,0.18,59.85,3.24,0.13,1.777631643,58636.04,76.35,34.61,190.68,126.8,1.099554235,1794.8,1.42
HCLTECH,HCLTECH.NS,Operating Profit,2020,117055,94,62.56,17316,25504,25,644,397850.44,271.37,13.06,0.08,24.67,3.06,0.26,5.723579043,400141.44,141.19,15.69,256.68,1415.77,0.970282318,1543.5,1.14
INFY,INFY.NS,Operating Profit,2020,162990,67,67.71,22267,39236,29,416,614472.91,415.44,12.12,0.12,21.94,1.83,0.18,4.259695576,614472.91,296.42,15.66,230.64,2345.28,0.8306092125,1485.5,1.21
LTIM,LTIM.NS,Operating Profit,2020,38008,42,164.31,2029,6495,26,279,153869.95,29.64,15.21,0.26,34.72,1.33,0.09,1.613365114,153871.95,4808.5,23.69,765.78,319.07,1.2897474,5704.5,1.26
MPHASIS,MPHASIS.NS,Operating Profit,2020,14230,64,91.64,1650,2647,25,166,55037.98,19.03,15.68,0.1,30.38,3.06,0.17,3.197383267,56153.98,43,21.21,506.07,104.06,1.359583952,2784.2,1.51
OFSS,OFSS.NS,Operating Profit,2020,6847,97,273.17,2229,3076,28,0,73114.32,8.69,12.72,0.07,30.78,4.63,0.09,4.084108221,73114.32,1700.33,23.77,962.13,,0.9197622585,8407,1.49
PERSISTENT,PERSISTENT.NS,Operating Profit,2020,11939,39,107.03,493,2058,23,67,83939.88,15.64,15.95,0.33,55.41,1.68,0.05,0.8652573651,83939.88,1076.15,40.79,404.03,80.53,1.399702823,5931,
TCS,TCS.NS,Operating Profit,2020,255324,94,136.65,42109,67407,25,796,1120702.61,361.81,12.72,0.1,22.08,2.24,0.22,5.805047358,1120702.61,3095.86,16.63,261.9,3296.28,0.9197622585,3016.8,0.95
TECHM,TECHM.NS,Operating Profit,2020,52988,94,45.81,5503,6964,25,322,147693.65,97.93,13.53,0.05,30.99,6.43,0.36,4.708078438,148164.65,162.28,21.28,279.4,385.98,1.040118871,1419.8,1.11
WIPRO,WIPRO.NS,Operating Profit,2020,89088,48,12.89,12342,18021,24,1477,261622.27,1048.33,12.12,0.08,18.66,2.37,0.17,3.430891857,277803.27,15.2,15.42,79.01,1294.63,0.8306092125,240.5,1.06
APLAPOLLO,APLAPOLLO.NS,Operating Profit,2020,20690,21,28.87,478,1199,21,133,46498.48,27.76,9.69,0.2,62.22,3.08,0.09,0.5049685423,47113.48,70.21,39.29,151.6,203.53,0.4695393759,1796.2,
ADANIENT,ADANIENT.NS,Operating Profit,2020,97895,2,55.45,2294,14252,28,5978,264157.34,115.42,0,0.44,44.49,1.01,0.01,0.1001049585,340393.34,4.46,23.88,435.93,,-0.970282318,2467,
HINDALCO,HINDALCO.NS,Operating Profit,2020,238496,7,75.34,14306,31805,28,3419,166957.69,224.72,18.11,0.17,11.25,0.65,0.09,1.169407209,228888.69,3.68,7.2,550.5,2467.76,1.720653789,847.2,
HINDCOPPER,HINDCOPPER.NS,Operating Profit,2020,2071,30,5.03,411,738,26,8,23979.29,96.7,25.24,0.12,67.94,5.47,0.02,0.6699503514,24146.29,37.09,32.72,27.52,35.06,2.780089153,341.75,
HINDZINC,HINDZINC.NS,Operating Profit,2021,34083,118,25.01,11672,17431,24,1095,187857.68,422.53,10.5,0.08,19.22,2.3,0.2,10.1278629,198508.68,17.27,11.39,31.54,1529,0.5898959881,480.65,
JSWSTEEL,JSWSTEEL.NS,Operating Profit,2020,168824,24,24.65,11813,22725,31,8412,262201.57,244.55,12.92,0.14,48.48,3.47,0.14,1.866291857,358158.57,3.72,15.76,325.08,2714.61,0.9494799406,1195,
JSL,JSL.NS,Operating Profit,2020,39312,10,31.21,1132,4469,25,612,62660.03,82.38,12.18,0.32,24.04,0.76,0.06,0.7229291582,68958.03,10.67,15.43,202.58,546.05,0.8395245171,750.4,
JINDALSTEL,JINDALSTEL.NS,Operating Profit,2020,50129,7,29.08,7873,9488,34,1312,104900.76,102.01,13.6,0.04,37.04,9.74,0.03,0.6045249992,122742.76,6.84,12.94,462.56,1402.46,1.050520059,1077,
LLOYDSME,LLOYDSME.NS,Operating Profit,2020,6721,4,29.32,21,1953,24,27,69966.42,52.33,18.17,1.48,45.05,0.31,0,0.1130249802,70722.42,87.53,36.21,122.33,172.65,1.729569094,1320.8,
NMDC,NMDC.NS,Operating Profit,2020,23906,44,7.44,6003,8150,28,178,65314.41,879.18,13.06,0.06,10.2,1.62,0.16,5.372498289,69084.41,14.86,8.48,33.78,378.98,0.970282318,75.92,
NATIONALUM,NATIONALUM.NS,Operating Profit,2020,16788,37,31.2,487,7508,26,59,38040.32,183.66,15.68,0.73,7.65,0.11,0.14,6.337701373,38164.32,36.63,5.08,96.94,429.09,1.359583952,238.66,
SAIL,SAIL.NS,Operating Profit,2020,102479,28,7.34,10264,10690,27,2793,53564.65,413.05,16.69,0.01,18.8,23.02,0.5,5.252286959,83375.65,2.46,7.8,142.61,932.03,1.509658247,137.97,
TATASTEEL,TATASTEEL.NS,Operating Profit,2020,218543,131,3.63,17463,25298,62,7341,209536,1248.35,15.88,0.08,50.32,6.54,1.26,14.53295369,298500,3.31,11.8,73.03,1809.84,1.389301634,182.67,
VEDL,VEDL.NS,Operating Profit,2020,152968,113,37.25,20743,42343,24,9914,171842,391.04,14.47,0.15,13.77,0.9,0.86,23.85181975,261988,2.89,6.19,105.39,3996.44,1.179791976,513,
WELCORP,WELCORP.NS,Operating Profit,2020,13978,7,76.59,1201,1684,16,320,22469.85,26.36,10.97,0.07,12.44,1.78,0.04,0.4693212114,23393.85,22.17,13.89,282.39,224.29,0.6597325409,952.85,
BRITANNIA,BRITANNIA.NS,Operating Profit,2020,17943,83,91.08,1843,3176,26,139,142304.99,24.09,12.86,0.11,63.91,5.56,0.11,1.880015771,143529.99,114.92,45.19,180.85,184.93,0.940564636,5820.5,
COLPAL,COLPAL.NS,Operating Profit,2021,,,,,,,,64784.26,27.2,14.34,,,,,0,64784.26,,,,,1.160475483,2200.4,
DABUR,DABUR.NS,Operating Profit,2020,12563,80,10.06,1792,2316,23,164,96400.06,177.37,10.7,0.05,50.03,9.5,0.11,2.075493825,97130.06,107.09,41.94,60.89,211.91,0.6196136701,503.3,
EMAMILTD,EMAMILTD.NS,Operating Profit,2020,3809,54,18.74,685,1014,10,9,25792.79,43.65,11.11,0.08,28.48,3.49,0.09,2.350445924,25854.79,243.91,25.5,61.74,78.27,0.6805349183,533.7,
GODREJCP,GODREJCP.NS,Operating Profit,2020,14364,138,18.12,2154,3015,31,361,130493.13,102.31,12.92,0.07,65.04,9.35,0.16,3.450498806,134376.13,33.72,44.57,117.28,207.61,0.9494799406,1178.6,
HINDUNILVR,HINDUNILVR.NS,Operating Profit,2020,63121,117,45.95,9861,14843,26,395,626095.58,234.96,11.58,0.09,53.54,6.28,0.13,3.004543586,626096.58,2652.95,42.18,210.26,910.99,0.750371471,2460,
ITC,ITC.NS,Operating Profit,2020,75323,52,27.88,19344,25839,16,45,515785.35,1252.67,11.78,0.06,14.85,2.49,0.08,2.591161498,515876.35,384.41,19.97,55.9,1472.59,0.780089153,413.95,
MARICO,MARICO.NS,Operating Profit,2020,10831,83,12.89,1469,2139,22,53,95363.5,129.79,10.37,0.08,56.03,7.18,0.1,1.894044422,95742.5,188.47,44.76,30.63,124.18,0.5705794948,722.2,
NESTLEIND,NESTLEIND.NS,Operating Profit,2021,20202,81,15.3,,4747,26,136,230394.99,192.83,12.99,,82.79,,0.07,1.574185395,231147.99,272.26,48.69,20.8,,0.9598811293,1266.7,
PATANJALI,PATANJALI.NS,Operating Profit,2021,34157,28,11.22,,1956,25,95,65868,36.26,13.26,,51.53,,0.46,2.612513553,66649,78.13,34.07,313.56,,1,578.15,
RADICO,RADICO.NS,Operating Profit,2020,4843,15,29.8,372,674,26,74,38849.69,13.39,11.31,0.13,107.17,8.49,0.02,0.2364231824,39479.69,60.09,58.58,205.73,47.14,0.7102526003,3193.6,
TATACONSUM,TATACONSUM.NS,Operating Profit,2020,17618,64,13.37,1292,2479,22,290,109284.11,98.95,14.54,0.14,89.57,6.43,0.1,1.33895253,111133.11,57.05,44.83,202.13,163.51,1.190193165,1197.5,
UBL,UBL.NS,Operating Profit,2020,8915,60,17.09,876,841,27,13,48364.99,26.44,10.9,-0.01,105.93,Negative,0.11,1.054229692,48939.99,81.43,58.19,165.01,40.06,0.6493313522,1810.3,
UNITDSPR,UNITDSPR.NS,Operating Profit,2020,12069,55,20.82,1569,2236,26,89,97981.43,72.74,17.37,0.07,69.53,9.47,0.06,1.167918715,97981.43,675.73,43.82,111.42,97.16,1.610698366,1447.6,
VBL,VBL.NS,Operating Profit,2021,,not showing '25,8.5,,,,,170873.59,338.2,13.06,,55.85,,,#VALUE!,170873.59,,,,,0.970282318,474.75,
AARTIIND,AARTIIND.NS,Operating Profit,2020,7271,11,6.54,977,1000,-8,275,13974.62,36.26,0,0,59.43,127.4,0.06,0.7805598587,17763.62,4.47,17.76,154.6,,-0.970282318,388.65,
ATUL,ATUL.NS,Operating Profit,2020,5583,15,184.18,902,918,28,24,18857.44,2.94,14.4,0,32.07,91.03,0.05,0.7929693506,19055.44,83.94,20.76,1901.38,50.18,1.169390788,5906.5,
BAYERCROP,BAYERCROP.NS,Operating Profit,2021,,,,,,,,23262.03,4.49,12.32,,,,,0,23262.03,,,,,0.8603268945,4871.7,
CHAMBLFERT,CHAMBLFERT.NS,Operating Profit,2020,16646,24,43.68,1925,2501,33,48,22827.16,40.07,18.04,0.05,11.18,2.08,0.2,3.067742244,22909.16,47.43,9.16,217.84,87.29,1.7102526,488.3,
COROMANDEL,COROMANDEL.NS,Operating Profit,2020,24085,21,76.72,1737,2577,25,262,69445.07,29.49,10.3,0.08,27.95,3.4,0.08,0.8558421056,69677.07,266.96,27.04,375.93,290.21,0.5601783061,2144.2,
DEEPAKNTR,DEEPAKNTR.NS,Operating Profit,2020,8282,15,44.5,1035,1095,27,31,24036.55,13.64,18.24,0.01,39.02,34.43,0.05,0.6934916411,25207.55,21.04,23.02,395.03,89.3,1.739970282,1736.4,
EIDPARRY,EIDPARRY.NS,Operating Profit,2020,31609,Not paid in '25,58.15,1887,2633,28,372,19977.17,17.78,12.39,0.07,18.23,2.65,0,#VALUE!,22098.17,10.33,8.39,446.35,225.62,0.8707280832,1060.3,
FLUOROCHEM,FLUOROCHEM.NS,Operating Profit,2020,4737,6,56.63,439,1100,23,147,37194.11,10.98,10.64,0.2,65.84,3.26,0.01,0.1612243908,39182.11,19.6,35.62,660.26,152.58,0.6106983655,3728.3,
GNFC,GNFC.NS,Operating Profit,2020,7892,44,38.25,542,615,26,23,7626.22,14.69,17.03,0.03,13.24,5.17,0.47,3.637937069,7725.22,31.4,12.56,583.64,54.65,1.560178306,506.35,
HSCL,HSCL.NS,Operating Profit,2020,4613,5,13.28,280,854,31,45,22941.78,49.38,18.64,0.25,35.82,1.43,0.01,0.1817980784,23250.78,64.95,27.23,75.35,30.08,1.799405646,475.65,
LINDEINDIA,LINDEINDIA.NS,Operating Profit,2021,2485,22,52.57,,765,26,13,54907.53,8.53,13.6,,114.57,,0.01,0.3275836531,54907.53,645.97,71.77,447.94,,1.050520059,6023,
NAVINFLUOR,NAVINFLUOR.NS,Operating Profit,2020,2349,12,71.49,268,534,24,78,24806.79,5.12,12.65,0.15,82.61,5.59,0.01,0.2119316739,26246.79,18.1,49.15,512.66,91.51,0.9093610698,5905.5,
PCBL,PCBL.NS,Operating Profit,2020,8404,48,9.24,465,1337,25,461,14496.45,37.75,15.75,0.24,38.72,1.65,0.3,4.751331722,19876.45,3.67,14.87,97.97,120.65,1.369985141,357.8,
PIIND,PIIND.NS,Operating Profit,2020,7978,15,106.21,720,2206,22,56,57011.12,15.17,16.56,0.25,,,,#DIV/0!,57123.12,449.79,25.89,669.47,135.46,1.490341753,,
PIDILITIND,PIDILITIND.NS,Operating Profit,2020,13140,49,21.45,1576,3011,26,50,158297.82,50.87,13.73,0.14,68.09,4.93,0.09,1.985836718,158444.82,800.23,52.62,191.77,165.09,1.069836553,1460.5,
SRF,SRF.NS,Operating Profit,2020,14693,17,48.26,1455,2718,27,376,87415.68,29.64,12.65,0.13,61.5,4.62,0.03,0.5252204719,92056.68,18.64,33.87,425.94,278.41,0.9093610698,2968.1,
SOLARINDS,SOLARINDS.NS,Operating Profit,2020,7540,7,139.43,434,2026,26,116,129337.44,9.05,12.99,0.36,101.56,2.81,0,0.110661099,130277.44,135.99,64.3,484.69,259.82,0.9598811293,14161,
SUMICHEM,SUMICHEM.NS,Operating Profit,2020,3149,12,11.16,335,633,26,7,29477.05,49.91,9.36,0.14,45.51,3.35,0.01,0.299682877,29477.05,59.07,46.57,58.12,40.47,0.4205052006,507.85,
TATACHEM,TATACHEM.NS,Operating Profit,2020,14887,119,13.22,1945,1953,30,563,23927.06,25.48,16.83,0,66.21,806.24,0.79,10.42000782,30231.06,4.61,15.48,847.62,215.9,1.530460624,875.35,
UPL,UPL.NS,Operating Profit,2020,46637,53,14.13,6772,7128,1,3627,53713.48,75.06,14.27,0.01,51.71,50.2,0.45,6.888986484,77427.48,3.24,10.86,389.19,1076.65,1.150074294,730.6,
ASHOKLEY,ASHOKLEY.NS,Operating Profit,2020,42333,59,5.46,3233,3006,26,3930,76484.79,587.31,9.49,-0.01,25.61,,0.3,2.159599582,126185.79,2.52,41.98,20.83,486.83,0.4398216939,139.83,
BAJAJ-AUTO,BAJAJ-AUTO.NS,Operating Profit,2020,50995,80,271.9,5109,9555,28,389,254571.24,27.93,13.13,0.13,32.82,2.46,0.16,3.067348955,263935.24,27.37,27.62,1260.06,19.88,0.9806835067,8922.5,
BALKRISIND,BALKRISIND.NS,Operating Profit,2020,10447,19,75.17,1274,2458,24,129,45690.52,19.33,12.12,0.14,30.56,2.18,0.04,1.051868713,48952.52,14.83,19.92,537.36,261.28,0.8306092125,2296.9,
BHARATFORG,BHARATFORG.NS,Operating Profit,2020,15123,43,21.51,1072,2692,37,417,54291.74,47.81,14.67,0.2,62.33,3.08,0.1,1.805897755,60579.74,9.49,22.5,193.56,216.85,1.209509658,1340.7,
BOSCHLTD,BOSCHLTD.NS,Operating Profit,2020,18087,75,903.59,1483,2310,26,17,121218.86,2.95,9.69,0.09,40.98,4.42,0.12,1.586193479,121218.86,4040.63,52.48,4683.72,220.14,0.4695393759,37025,
EICHERMOT,EICHERMOT.NS,Operating Profit,2020,18870,41,176.48,2183,4723,20,54,174756.22,27.43,10.7,0.17,39.8,2.38,0.04,1.005130399,175022.22,597.35,37.06,776.44,421.49,0.6196136701,7023.5,
EXIDEIND,EXIDEIND.NS,Operating Profit,2020,17238,21,9.97,1457,1805,32,160,35623.5,85,13.8,0.04,38.45,8.78,0.11,1.163425976,37184.5,22.59,20.6,163.68,218.72,1.080237741,383.3,
HEROMOTOCO,HEROMOTOCO.NS,Operating Profit,2020,40923,75,251.89,4070,5789,26,71,107016.3,20.01,12.79,0.07,21.99,3.01,0.28,3.91729573,107473.3,216.24,18.57,963.27,326.48,0.9301634473,5539,
MRF,MRF.NS,Operating Profit,2020,28152,5,4241.18,2382,4095,25,368,63850.41,0.42,12.99,0.11,37.34,3.26,0.02,0.3078428896,66754.41,22.96,16.3,43592.02,243.46,0.9598811293,158360,
M&M,M&M.NS,Operating Profit,2020,159211,22,110.42,10158,30518,26,9083,408623.57,124.35,12.25,0.25,32.14,1.31,0.08,1.521385237,533871.57,4.24,17.49,619.52,1834.49,0.8499257058,3548.9,
MARUTI,MARUTI.NS,Operating Profit,2020,152913,29,462.24,7355,20224,26,194,469308.72,31.44,8.62,0.22,33.86,1.51,0.09,1.191901663,469308.72,2989.23,23.21,3061.04,2990.91,0.3105497771,15651,
MOTHERSON,MOTHERSON.NS,Operating Profit,2020,113663,16,3.14,4654,10552,21,1882,101882.03,1055.44,17.5,0.18,33.62,1.89,0.16,1.515237445,116526.03,7.59,11.04,33.05,682.66,1.630014859,105.57,
TVSMOTOR,TVSMOTOR.NS,Operating Profit,2020,44089,21,50.19,2264,6575,33,2093,161543.87,47.51,8.48,0.24,69.94,2.94,0.06,0.8278679012,189159.87,6.84,28.77,179,826.98,0.2897473997,3510.5,
TATAMOTORS,TATAMOTORS.NS,Operating Profit,2020,439695,8,57.44,17987,55216,27,5083,254792.76,368.17,,0.25,,,,#DIV/0!,317291.76,5.02,5.75,315.46,,-0.970282318,,
TIINDIA,TIINDIA.NS,Operating Profit,2020,19465,10,33.38,582,1870,36,83,58896.89,19.35,13.93,0.26,91.27,3.47,0.03,0.3172191921,59339.89,128.44,31.73,286.05,172.78,1.099554235,3046.5,
AJANTPHARM,AJANTPHARM.NS,Operating Profit,2020,4648,38,74.44,683,1269,23,21,31952.29,12.49,10.97,0.13,34.11,2.59,0.06,1.520378309,31954.88,1158.21,25.18,303.36,116.9,0.6597325409,2539.4,
ALKEM,ALKEM.NS,Operating Profit,2020,12965,25,191.08,1476,2512,12,122,63273.8,11.96,11.91,0.11,29.46,2.63,0.05,0.9329015049,64336.8,59.19,25.61,1002.38,215.52,0.7994056464,5628.5,
AUROPHARMA,AUROPHARMA.NS,Operating Profit,2020,31724,Not paid in '25,57.89,4849,6551,31,457,60638.79,58.59,12.05,0.06,20.01,3.23,0,#VALUE!,68580.79,8.57,10.47,557.28,475.46,0.8202080238,1158.6,
BIOCON,BIOCON.NS,Operating Profit,2020,15262,6,3.18,1575,3254,24,897,48337.92,133.7,13.46,0.16,118.6,7.59,0.02,0.3871892399,66092.92,3.6,20.31,161.89,486.85,1.029717682,377.15,
CIPLA,CIPLA.NS,Operating Profit,2020,27548,25,66.77,3206,7128,22,62,127495.9,80.78,9.56,0.17,22.64,1.31,0.06,1.459471771,127587.9,502.31,17.9,386.18,614.54,0.4502228826,1511.5,
DIVISLAB,DIVISLAB.NS,Operating Profit,2020,9360,36,86.87,1826,2973,25,3,163634.83,26.55,11.58,0.1,78.32,7.65,0.02,0.5924730219,163636.83,2975.22,55.04,563.87,246.33,0.750371471,6804,
DRREDDY,DRREDDY.NS,Operating Profit,2020,32644,12,68.07,2477,8547,25,283,105341.44,83.46,9.63,0.28,17.57,0.63,0.04,1.027508421,109525.44,25.67,12.81,401.98,866.56,0.4606240713,1196,
GLAND,GLAND.NS,Operating Profit,2020,5616,42,46.75,955,1269,34,42,30921.48,16.48,10.37,0.06,42.18,7.21,0.07,1.640011127,31191.48,109.06,24.58,555.37,101.7,0.5705794948,1972,
GLENMARK,GLENMARK.NS,Operating Profit,2020,13322,7,26.7,1699,2351,25,207,56564.33,28.22,10.7,0.07,71.1,10.59,0.02,0.307189194,58759.33,26.43,24.99,313.57,31.47,0.6196136701,1898.4,
GRANULES,GRANULES.NS,Operating Profit,2020,4482,7,19.77,526,948,24,103,12579.86,24.26,11.78,0.13,29.02,2.32,0.02,0.4768355023,13865.86,10.58,14.63,153.11,118.47,0.780089153,573.65,
IPCALAB,IPCALAB.NS,Operating Profit,2020,8897,14,30.69,904,1731,30,88,34300.81,25.37,11.11,0.14,42.68,3.08,0.04,0.7293446621,35601.81,26.85,20.57,273.86,170.44,0.6805349183,1309.7,
JBCHEPHARM,JBCHEPHARM.NS,Operating Profit,2020,3918,37,44.02,378,1032,26,12,27049.68,15.65,9.83,0.22,38.9,1.75,0.05,1.424909306,27063.48,908.17,26.22,219.49,85.67,0.4903417533,1712.3,
LAURUSLABS,LAURUSLABS.NS,Operating Profit,2020,5554,18,9.43,565,1055,27,216,47218.48,53.98,12.92,0.13,103.44,7.78,0.02,0.3606694298,49912.48,17.81,47.31,82.86,103.5,0.9494799406,975.4,
LUPIN,LUPIN.NS,Operating Profit,2020,22708,17,81.04,2355,5278,18,295,89117.37,45.68,11.91,0.18,24.48,1.4,0.04,0.9901348029,94193.37,18.23,17.85,376.64,398.69,0.7994056464,1983.8,
MANKIND,MANKIND.NS,Operating Profit,2020,12207,Not paid in '25,46.35,1438,3026,20,432,105621.41,41.27,9.02,0.16,51.77,3.23,0,#VALUE!,114104.41,13.39,37.71,347.25,326.45,0.3699851412,2399.5,
NATCOPHARM,NATCOPHARM.NS,Operating Profit,2020,4430,6,94.78,583,2196,18,24,15618.38,17.91,12.25,0.3,8.77,0.29,0.02,0.8847605435,15891.38,51.43,7.24,424.71,174.01,0.8499257058,831.5,
SUNPHARMA,SUNPHARMA.NS,Operating Profit,2020,52578,35,43.23,6983,15114,20,231,378783.01,239.93,12.32,0.17,39.47,2.36,0.04,1.292058168,380653.01,180.4,25.19,300.99,1145.97,0.8603268945,1706.4,
TORNTPHARM,TORNTPHARM.NS,Operating Profit,2020,11516,57,59.15,2170,3721,28,252,122061.63,33.84,11.31,0.11,61.34,5.39,0.05,1.727432088,125087.63,39.15,33.62,224.27,243.33,0.7102526003,3628.3,
ZYDUSLIFE,ZYDUSLIFE.NS,Operating Profit,2020,23242,24,45.45,2798,7058,23,166,101448.51,100.62,10.64,0.2,21.59,1.06,0.06,1.716000621,104618.51,31.98,14.82,238.05,709.74,0.6106983655,981.05,
AXISBANK,AXISBANK.NS,Financing Profit,2020,127374,1,83.86,-2851,9943,23,71036,327209.25,310.24,14.27,,14.71,,0,0.02597826143,327209.25,528.61,32.91,603.52,,1.150074294,1233.7,
BAJFINANCE,BAJFINANCE.NS,Financing Profit,2020,69709,21,28.09,7608,22963,24,24992,557721.05,622.25,14.54,0.25,37.13,1.5,0.02,0.7429456939,557721.05,4497.75,24.29,155.39,-2200.67,1.190193165,1043.1,
BAJAJFINSV,BAJAJFINSV.NS,Operating Profit,2020,133822,2,59.64,18258,49524,26,24587,314146.06,159.78,16.36,0.22,34.9,1.58,0.01,0.2978009059,314146.06,1963.41,6.34,453.09,-1579.61,1.460624071,2081.6,
CHOLAFIN,CHOLAFIN.NS,Financing Profit,2020,25846,4,52.97,1699,5680,26,12495,121117.17,84.12,15.28,0.27,32.44,1.19,0.01,0.1571663352,121117.17,720.94,21.32,281.36,-965.2,1.300148588,1718.5,
HDFCAMC,HDFCAMC.NS,Operating Profit,2021,4051,78,128.38,,3345,25,9,119752.16,21.39,14.07,,42.1,,0.03,2.256962894,119752.16,1119.18,35.8,380.02,,1.120356612,5404.5,
HDFCBANK,HDFCBANK.NS,Financing Profit,2020,336367,24,47.21,14593,-34501,24,183894,1465470.12,1535.41,12.65,,21.03,,0.05,-0.5432783683,1465470.12,1915.65,,339.84,,0.9093610698,992.65,
HDFCLIFE,HDFCLIFE.NS,Operating Profit,2020,92922,25,8.79,1141,1028,-40,0,167359.73,215.54,12.72,-0.02,83.73,,0.15,0.1620046314,167359.73,77.73,162.8,74.95,,0.9197622585,736,
ICICIBANK,ICICIBANK.NS,Financing Profit,2020,186331,15,74.91,-44805,-32775,25,89028,997586.46,714.09,13.06,,17.97,,0.03,-0.5113366303,997586.46,700.06,,439.59,,0.970282318,1346.4,
ICICIPRULI,ICICIPRULI.NS,Operating Profit,2020,70778,10,9.04,-390,1157,25,0,88152.64,144.67,13.66,,66.29,,0.08,0.133458683,88152.64,61.01,76.19,82.49,,1.059435364,599.25,
JIOFIN,JIOFIN.NS,Operating Profit,2021,2043,20,2.56,,1549,17,8,199302.52,635.33,16.22,,119.84,,0,0.1589376162,199302.52,31.37,128.67,194.38,,1.439821694,306.8,
KOTAKBANK,KOTAKBANK.NS,Financing Profit,2020,65669,2,93.41,-9958,-11496,24,28275,389790.17,198.85,12.79,,22.63,,0,-0.05470775626,389790.17,392.14,,791.99,,0.9301634473,2113.5,
LICHSGFIN,LICHSGFIN.NS,Financing Profit,2020,28111,10,100.39,3367,6974,21,19528,30644.01,55.01,15.48,0.16,5.73,0.37,0.09,2.202709576,30644.01,278.58,4.39,660.87,156,1.32986627,575.55,
MUTHOOTFIN,MUTHOOTFIN.NS,Financing Profit,2020,20214,20,153.3,4298,7272,26,7461,111752.76,40.15,13.8,0.11,20.81,1.88,0.03,1.135340043,111752.76,278.69,15.37,731.46,-1012.94,1.080237741,3190.6,
PFC,PFC.NS,Financing Profit,2020,107106,23,73.68,14012,38603,21,64670,130123.01,330.01,18.11,0.22,5.48,0.24,0.19,6.669386696,130123.01,39.43,3.37,356.77,-1161.54,1.720653789,403.4,
RECLTD,RECLTD.NS,Operating Profit,2020,56369,30,65.58,25961,54216,21,34131,96849.98,263.32,15.82,0.16,5.78,0.36,0.17,16.28907985,96849.98,36.78,1.79,297.64,-242.69,1.38038633,379.2,
SHRIRAMFIN,SHRIRAMFIN.NS,Financing Profit,2020,43941,19,52.45,3565,13132,24,18529,110278.14,188.09,11.31,0.3,15.18,0.51,0.06,1.665559884,110278.14,293.29,8.4,300.23,-1703.81,0.7102526003,796.45,
SBIN,SBIN.NS,Financing Profit,2020,490938,18,89.01,-70715,-62049,26,300943,749664.61,923.06,15.41,,10.67,,0.1,-1.274063055,749664.61,840.43,,527.63,,1.319465082,949.7,